"","country","subareas","variable","value"
"1","Angola","Africa","percent_loss_baseline",19.42
"2","Albania","Europe","percent_loss_baseline",0
"3","Argentina","South America","percent_loss_baseline",3.93
"4","Australia","Oceania","percent_loss_baseline",3.07
"5","Austria","Europe","percent_loss_baseline",0
"6","Burundi","Africa","percent_loss_baseline",0.64
"7","Belgium","Europe","percent_loss_baseline",0
"8","Benin","Africa","percent_loss_baseline",NA
"9","Burkina Faso","Africa","percent_loss_baseline",0
"10","Bangladesh","South Asia","percent_loss_baseline",44.18
"11","Bulgaria","Europe","percent_loss_baseline",0
"12","Bosnia and Herzegovina","Europe","percent_loss_baseline",0
"13","Belarus","Europe","percent_loss_baseline",0
"14","Bolivia","South America","percent_loss_baseline",14.11
"15","Brazil","South America","percent_loss_baseline",38.16
"16","Bhutan","South Asia","percent_loss_baseline",0
"17","Botswana","Africa","percent_loss_baseline",0
"18","Central African Republic","Africa","percent_loss_baseline",NA
"19","Canada","North America","percent_loss_baseline",0
"20","Switzerland","Europe","percent_loss_baseline",0
"21","China","East Asia","percent_loss_baseline",0.02
"22","Ivory Coast","Africa","percent_loss_baseline",NA
"23","Cameroon","Africa","percent_loss_baseline",54.88
"24","Democratic Republic of the Congo","Africa","percent_loss_baseline",55.96
"25","Republic of the Congo","Africa","percent_loss_baseline",0
"26","Czechia","Europe","percent_loss_baseline",0
"27","Germany","Europe","percent_loss_baseline",0
"28","Djibouti","Africa","percent_loss_baseline",NA
"29","Denmark","Europe","percent_loss_baseline",0
"30","Algeria","Africa","percent_loss_baseline",1.86
"31","Egypt","Africa","percent_loss_baseline",0
"32","Eritrea","Africa","percent_loss_baseline",24.45
"33","Spain","Europe","percent_loss_baseline",0.02
"34","Estonia","Europe","percent_loss_baseline",0
"35","Ethiopia","Africa","percent_loss_baseline",14.87
"36","Finland","Europe","percent_loss_baseline",NA
"37","Fiji","Oceania","percent_loss_baseline",NA
"38","France","Europe","percent_loss_baseline",0
"39","Gabon","Africa","percent_loss_baseline",NA
"40","United Kingdom","Europe","percent_loss_baseline",0
"41","Ghana","Africa","percent_loss_baseline",NA
"42","Guinea","Africa","percent_loss_baseline",NA
"43","Gambia","Africa","percent_loss_baseline",NA
"44","Guinea-Bissau","Africa","percent_loss_baseline",NA
"45","Equatorial Guinea","Africa","percent_loss_baseline",NA
"46","Greece","Europe","percent_loss_baseline",0.25
"47","Croatia","Europe","percent_loss_baseline",0
"48","Hungary","Europe","percent_loss_baseline",0
"49","India","South Asia","percent_loss_baseline",12.78
"50","Ireland","Europe","percent_loss_baseline",0
"51","Iceland","Europe","percent_loss_baseline",NA
"52","Italy","Europe","percent_loss_baseline",1.76
"53","Japan","East Asia","percent_loss_baseline",0
"54","Kenya","Africa","percent_loss_baseline",43.99
"55","South Korea","East Asia","percent_loss_baseline",0
"56","Kosovo","Europe","percent_loss_baseline",0
"57","Liberia","Africa","percent_loss_baseline",NA
"58","Libya","Africa","percent_loss_baseline",2.94
"59","Lesotho","Africa","percent_loss_baseline",0
"60","Lithuania","Europe","percent_loss_baseline",0
"61","Luxembourg","Europe","percent_loss_baseline",0
"62","Latvia","Europe","percent_loss_baseline",0
"63","Morocco","Africa","percent_loss_baseline",0.31
"64","Moldova","Europe","percent_loss_baseline",0
"65","Madagascar","Africa","percent_loss_baseline",12.04
"66","Mexico","North America","percent_loss_baseline",4.94
"67","Macedonia","Europe","percent_loss_baseline",0
"68","Mali","Africa","percent_loss_baseline",0
"69","Montenegro","Europe","percent_loss_baseline",0
"70","Mozambique","Africa","percent_loss_baseline",28.14
"71","Mauritania","Africa","percent_loss_baseline",0
"72","Malawi","Africa","percent_loss_baseline",47.24
"73","Namibia","Africa","percent_loss_baseline",0
"75","Niger","Africa","percent_loss_baseline",0
"76","Nigeria","Africa","percent_loss_baseline",0.72
"77","Netherlands","Europe","percent_loss_baseline",0
"78","Norway","Europe","percent_loss_baseline",0
"79","Nepal","South Asia","percent_loss_baseline",3.61
"80","New Zealand","Oceania","percent_loss_baseline",0
"81","Pakistan","South Asia","percent_loss_baseline",0.03
"82","Papua New Guinea","Oceania","percent_loss_baseline",NA
"83","Poland","Europe","percent_loss_baseline",0
"84","United States of America","North America","percent_loss_baseline",NA
"85","North Korea","East Asia","percent_loss_baseline",0
"86","Portugal","Europe","percent_loss_baseline",6.26
"87","Paraguay","South America","percent_loss_baseline",47.48
"88","Romania","Europe","percent_loss_baseline",0
"89","Rwanda","Africa","percent_loss_baseline",33.25
"90","Western Sahara","Africa","percent_loss_baseline",NA
"91","Sudan","Africa","percent_loss_baseline",0.34
"92","South Sudan","Africa","percent_loss_baseline",40.66
"93","Senegal","Africa","percent_loss_baseline",NA
"94","Solomon Islands","Oceania","percent_loss_baseline",NA
"95","Sierra Leone","Africa","percent_loss_baseline",NA
"96","Somaliland","Africa","percent_loss_baseline",0
"97","Somalia","Africa","percent_loss_baseline",NA
"98","Republic of Serbia","Europe","percent_loss_baseline",0
"99","Slovakia","Europe","percent_loss_baseline",0
"100","Slovenia","Europe","percent_loss_baseline",0
"101","Sweden","Europe","percent_loss_baseline",0
"102","Swaziland","Africa","percent_loss_baseline",16.71
"103","Chad","Africa","percent_loss_baseline",0
"104","Togo","Africa","percent_loss_baseline",NA
"105","Tunisia","Africa","percent_loss_baseline",9.38
"106","United Republic of Tanzania","Africa","percent_loss_baseline",21.25
"107","Uganda","Africa","percent_loss_baseline",23.47
"108","Ukraine","Europe","percent_loss_baseline",0
"109","Uruguay","South America","percent_loss_baseline",19.98
"110","United States of America","North America","percent_loss_baseline",0.8
"111","Vanuatu","Oceania","percent_loss_baseline",NA
"112","South Africa","Africa","percent_loss_baseline",0.4
"113","Zambia","Africa","percent_loss_baseline",16.74
"114","Zimbabwe","Africa","percent_loss_baseline",1.4
"115","Angola","Africa","percent_loss_future",21.57
"116","Albania","Europe","percent_loss_future",0.23
"117","Argentina","South America","percent_loss_future",27.94
"118","Australia","Oceania","percent_loss_future",14.37
"119","Austria","Europe","percent_loss_future",0
"120","Burundi","Africa","percent_loss_future",39.54
"121","Belgium","Europe","percent_loss_future",0
"122","Benin","Africa","percent_loss_future",NA
"123","Burkina Faso","Africa","percent_loss_future",0
"124","Bangladesh","South Asia","percent_loss_future",48
"125","Bulgaria","Europe","percent_loss_future",0
"126","Bosnia and Herzegovina","Europe","percent_loss_future",0.47
"127","Belarus","Europe","percent_loss_future",0
"128","Bolivia","South America","percent_loss_future",32.78
"129","Brazil","South America","percent_loss_future",45.48
"130","Bhutan","South Asia","percent_loss_future",0
"131","Botswana","Africa","percent_loss_future",0
"132","Central African Republic","Africa","percent_loss_future",NA
"133","Canada","North America","percent_loss_future",0
"134","Switzerland","Europe","percent_loss_future",0
"135","China","East Asia","percent_loss_future",0.4
"136","Ivory Coast","Africa","percent_loss_future",NA
"137","Cameroon","Africa","percent_loss_future",54.88
"138","Democratic Republic of the Congo","Africa","percent_loss_future",76.08
"139","Republic of the Congo","Africa","percent_loss_future",0
"140","Czechia","Europe","percent_loss_future",0
"141","Germany","Europe","percent_loss_future",0
"142","Djibouti","Africa","percent_loss_future",NA
"143","Denmark","Europe","percent_loss_future",0
"144","Algeria","Africa","percent_loss_future",4.67
"145","Egypt","Africa","percent_loss_future",40.09
"146","Eritrea","Africa","percent_loss_future",67.08
"147","Spain","Europe","percent_loss_future",7.83
"148","Estonia","Europe","percent_loss_future",0
"149","Ethiopia","Africa","percent_loss_future",65.72
"150","Finland","Europe","percent_loss_future",NA
"151","Fiji","Oceania","percent_loss_future",NA
"152","France","Europe","percent_loss_future",2.48
"153","Gabon","Africa","percent_loss_future",NA
"154","United Kingdom","Europe","percent_loss_future",0
"155","Ghana","Africa","percent_loss_future",NA
"156","Guinea","Africa","percent_loss_future",NA
"157","Gambia","Africa","percent_loss_future",NA
"158","Guinea-Bissau","Africa","percent_loss_future",NA
"159","Equatorial Guinea","Africa","percent_loss_future",NA
"160","Greece","Europe","percent_loss_future",0.74
"161","Croatia","Europe","percent_loss_future",0.16
"162","Hungary","Europe","percent_loss_future",0
"163","India","South Asia","percent_loss_future",17.94
"164","Ireland","Europe","percent_loss_future",0
"165","Iceland","Europe","percent_loss_future",NA
"166","Italy","Europe","percent_loss_future",38
"167","Japan","East Asia","percent_loss_future",11.17
"168","Kenya","Africa","percent_loss_future",47.91
"169","South Korea","East Asia","percent_loss_future",0
"170","Kosovo","Europe","percent_loss_future",0
"171","Liberia","Africa","percent_loss_future",NA
"172","Libya","Africa","percent_loss_future",6.45
"173","Lesotho","Africa","percent_loss_future",6.57
"174","Lithuania","Europe","percent_loss_future",0
"175","Luxembourg","Europe","percent_loss_future",0
"176","Latvia","Europe","percent_loss_future",0
"177","Morocco","Africa","percent_loss_future",15.9
"178","Moldova","Europe","percent_loss_future",0
"179","Madagascar","Africa","percent_loss_future",12.04
"180","Mexico","North America","percent_loss_future",30.47
"181","Macedonia","Europe","percent_loss_future",0
"182","Mali","Africa","percent_loss_future",0
"183","Montenegro","Europe","percent_loss_future",0
"184","Mozambique","Africa","percent_loss_future",42.71
"185","Mauritania","Africa","percent_loss_future",0
"186","Malawi","Africa","percent_loss_future",70.63
"187","Namibia","Africa","percent_loss_future",0
"189","Niger","Africa","percent_loss_future",0
"190","Nigeria","Africa","percent_loss_future",0.72
"191","Netherlands","Europe","percent_loss_future",0.04
"192","Norway","Europe","percent_loss_future",0
"193","Nepal","South Asia","percent_loss_future",11.72
"194","New Zealand","Oceania","percent_loss_future",0.59
"195","Pakistan","South Asia","percent_loss_future",8.32
"196","Papua New Guinea","Oceania","percent_loss_future",NA
"197","Poland","Europe","percent_loss_future",0
"198","United States of America","North America","percent_loss_future",NA
"199","North Korea","East Asia","percent_loss_future",0
"200","Portugal","Europe","percent_loss_future",29.5
"201","Paraguay","South America","percent_loss_future",47.48
"202","Romania","Europe","percent_loss_future",0
"203","Rwanda","Africa","percent_loss_future",33.25
"204","Western Sahara","Africa","percent_loss_future",NA
"205","Sudan","Africa","percent_loss_future",0.14
"206","South Sudan","Africa","percent_loss_future",9.08
"207","Senegal","Africa","percent_loss_future",NA
"208","Solomon Islands","Oceania","percent_loss_future",NA
"209","Sierra Leone","Africa","percent_loss_future",NA
"210","Somaliland","Africa","percent_loss_future",0
"211","Somalia","Africa","percent_loss_future",NA
"212","Republic of Serbia","Europe","percent_loss_future",0
"213","Slovakia","Europe","percent_loss_future",0
"214","Slovenia","Europe","percent_loss_future",0
"215","Sweden","Europe","percent_loss_future",0
"216","Swaziland","Africa","percent_loss_future",4.03
"217","Chad","Africa","percent_loss_future",0
"218","Togo","Africa","percent_loss_future",NA
"219","Tunisia","Africa","percent_loss_future",46.15
"220","United Republic of Tanzania","Africa","percent_loss_future",20.66
"221","Uganda","Africa","percent_loss_future",23.47
"222","Ukraine","Europe","percent_loss_future",0
"223","Uruguay","South America","percent_loss_future",76.75
"224","United States of America","North America","percent_loss_future",5.33
"225","Vanuatu","Oceania","percent_loss_future",NA
"226","South Africa","Africa","percent_loss_future",5.01
"227","Zambia","Africa","percent_loss_future",7.8
"228","Zimbabwe","Africa","percent_loss_future",24.51
