"TNAM","EXNAME","WYEAR","HDAT","SDAT","PDAT","ADAPS","ADAPM","HWAMM","HWAMS","pest"
"No_Disease","EBLO1201",2012,2012193,2012038,2012098,59,60,1022,1380,"No WB damage"
"No_Disease","EBLO1401",2014,2014159,2014002,2014062,61,60,1800,1871,"No WB damage"
"No_Disease","EBLO1402",2014,2014167,2014012,2014072,62,60,1688,1937,"No WB damage"
"No_Disease","EBLO1501",2015,2015145,2015009,2015060,54,55,2034,2279,"No WB damage"
"Diseased","EBLO1201",2012,2012193,2012038,2012098,59,60,495,611,"With WB damage"
"Diseased","EBLO1401",2014,2014159,2014002,2014062,61,60,901,956,"With WB damage"
"Diseased","EBLO1402",2014,2014167,2014012,2014072,62,60,519,490,"With WB damage"
"Diseased","EBLO1501",2015,2015145,2015009,2015060,54,55,592,730,"With WB damage"
