"","X","subareas","variable","value"
"1",1,"Africa","baseline_mean",10.5
"2",2,"East Asia","baseline_mean",0.8
"3",3,"Europe","baseline_mean",0.2
"4",4,"North America","baseline_mean",1.1
"5",5,"Oceania","baseline_mean",2.6
"6",6,"South America","baseline_mean",21.9
"7",7,"South Asia","baseline_mean",6.2
"8",8,"Africa","future_mean",19.4
"9",9,"East Asia","future_mean",0.8
"10",10,"Europe","future_mean",1.1
"11",11,"North America","future_mean",2.1
"12",12,"Oceania","future_mean",7.3
"13",13,"South America","future_mean",33.2
"14",14,"South Asia","future_mean",10.2
