"","subareas","10%","90%","variable"
"1","Africa",0,66.5268527907094,"prod_loss_future"
"2","East Asia",0,1.71134929058559,"prod_loss_future"
"3","Europe",0,0.54057655293263,"prod_loss_future"
"4","North America",0,4.8162897381214,"prod_loss_future"
"5","Oceania",4.97344805807092,9.99861191038747,"prod_loss_future"
"6","South America",4.75370283544737,67.5187287281462,"prod_loss_future"
"7","South Asia",0.806350888470746,37.513558503196,"prod_loss_future"
"8","Africa",NA,NA,"prod_loss_baseline"
"9","East Asia",NA,NA,"prod_loss_baseline"
"10","Europe",NA,NA,"prod_loss_baseline"
"11","North America",NA,NA,"prod_loss_baseline"
"12","Oceania",NA,NA,"prod_loss_baseline"
"13","South America",NA,NA,"prod_loss_baseline"
"14","South Asia",NA,NA,"prod_loss_baseline"
