"","X.1","X","subareas","country","variable","value","scenario"
"1",1,114,"Africa","Angola","loss_GFDL_prod",23.1757097046595,"prod_loss_future"
"2",2,115,"Europe","Albania","loss_GFDL_prod",0,"prod_loss_future"
"3",3,116,"South America","Argentina","loss_GFDL_prod",7.71880699808098,"prod_loss_future"
"4",4,117,"Oceania","Australia","loss_GFDL_prod",5.43356561098684,"prod_loss_future"
"5",5,118,"Europe","Austria","loss_GFDL_prod",0,"prod_loss_future"
"6",6,119,"Africa","Burundi","loss_GFDL_prod",88.3693512949083,"prod_loss_future"
"7",7,120,"Europe","Belgium","loss_GFDL_prod",0,"prod_loss_future"
"8",8,122,"Africa","Burkina Faso","loss_GFDL_prod",0,"prod_loss_future"
"9",9,123,"South Asia","Bangladesh","loss_GFDL_prod",36.9611775828002,"prod_loss_future"
"10",10,124,"Europe","Bulgaria","loss_GFDL_prod",0,"prod_loss_future"
"11",11,125,"Europe","Bosnia and Herzegovina","loss_GFDL_prod",0,"prod_loss_future"
"12",12,126,"Europe","Belarus","loss_GFDL_prod",0,"prod_loss_future"
"13",13,127,"South America","Bolivia","loss_GFDL_prod",39.5059009447931,"prod_loss_future"
"14",14,128,"South America","Brazil","loss_GFDL_prod",48.6851839805619,"prod_loss_future"
"15",15,131,"North America","Canada","loss_GFDL_prod",0,"prod_loss_future"
"16",16,132,"Europe","Switzerland","loss_GFDL_prod",0,"prod_loss_future"
"17",17,133,"East Asia","China","loss_GFDL_prod",0.858876351257278,"prod_loss_future"
"18",18,135,"Africa","Cameroon","loss_GFDL_prod",50.1755641645532,"prod_loss_future"
"19",19,136,"Africa","Democratic Republic of the Congo","loss_GFDL_prod",60.9936545114767,"prod_loss_future"
"20",20,138,"Europe","Czechia","loss_GFDL_prod",0,"prod_loss_future"
"21",21,139,"Europe","Germany","loss_GFDL_prod",0,"prod_loss_future"
"22",22,141,"Europe","Denmark","loss_GFDL_prod",0,"prod_loss_future"
"23",23,142,"Africa","Algeria","loss_GFDL_prod",4.97860468110237,"prod_loss_future"
"24",24,143,"Africa","Egypt","loss_GFDL_prod",21.0463440928734,"prod_loss_future"
"25",25,144,"Africa","Eritrea","loss_GFDL_prod",14.9714973611404,"prod_loss_future"
"26",26,145,"Europe","Spain","loss_GFDL_prod",0.59015212960236,"prod_loss_future"
"27",27,146,"Europe","Estonia","loss_GFDL_prod",0,"prod_loss_future"
"28",28,147,"Africa","Ethiopia","loss_GFDL_prod",14.3069441575042,"prod_loss_future"
"29",29,150,"Europe","France","loss_GFDL_prod",0.0143807777289488,"prod_loss_future"
"30",30,152,"Europe","United Kingdom","loss_GFDL_prod",0,"prod_loss_future"
"31",31,158,"Europe","Greece","loss_GFDL_prod",2.04624039319064,"prod_loss_future"
"32",32,159,"Europe","Croatia","loss_GFDL_prod",0.198691448892999,"prod_loss_future"
"33",33,160,"Europe","Hungary","loss_GFDL_prod",0,"prod_loss_future"
"34",34,161,"South Asia","India","loss_GFDL_prod",3.38309132049544,"prod_loss_future"
"35",35,162,"Europe","Ireland","loss_GFDL_prod",0,"prod_loss_future"
"36",36,164,"Europe","Italy","loss_GFDL_prod",21.4599575845439,"prod_loss_future"
"37",37,165,"East Asia","Japan","loss_GFDL_prod",0,"prod_loss_future"
"38",38,166,"Africa","Kenya","loss_GFDL_prod",42.511487344685,"prod_loss_future"
"39",39,167,"East Asia","South Korea","loss_GFDL_prod",0,"prod_loss_future"
"40",40,168,"Europe","Kosovo","loss_GFDL_prod",0,"prod_loss_future"
"41",41,170,"Africa","Libya","loss_GFDL_prod",7.76515030000578,"prod_loss_future"
"42",42,171,"Africa","Lesotho","loss_GFDL_prod",0,"prod_loss_future"
"43",43,172,"Europe","Lithuania","loss_GFDL_prod",0,"prod_loss_future"
"44",44,173,"Europe","Luxembourg","loss_GFDL_prod",0,"prod_loss_future"
"45",45,174,"Europe","Latvia","loss_GFDL_prod",0,"prod_loss_future"
"46",46,175,"Africa","Morocco","loss_GFDL_prod",3.26135599039881,"prod_loss_future"
"47",47,176,"Europe","Moldova","loss_GFDL_prod",0,"prod_loss_future"
"48",48,177,"Africa","Madagascar","loss_GFDL_prod",22.9875582107413,"prod_loss_future"
"49",49,178,"North America","Mexico","loss_GFDL_prod",6.54136871033934,"prod_loss_future"
"50",50,179,"Europe","Macedonia","loss_GFDL_prod",0,"prod_loss_future"
"51",51,180,"Africa","Mali","loss_GFDL_prod",0,"prod_loss_future"
"52",52,181,"Europe","Montenegro","loss_GFDL_prod",0,"prod_loss_future"
"53",53,182,"Africa","Mozambique","loss_GFDL_prod",15.5308443416409,"prod_loss_future"
"54",54,183,"Africa","Mauritania","loss_GFDL_prod",0,"prod_loss_future"
"55",55,184,"Africa","Malawi","loss_GFDL_prod",31.2640052835405,"prod_loss_future"
"56",56,185,"Africa","Namibia","loss_GFDL_prod",0,"prod_loss_future"
"57",57,187,"Africa","Niger","loss_GFDL_prod",0,"prod_loss_future"
"58",58,188,"Africa","Nigeria","loss_GFDL_prod",2.06349637736901,"prod_loss_future"
"59",59,189,"Europe","Netherlands","loss_GFDL_prod",0.00662914926148075,"prod_loss_future"
"60",60,191,"South Asia","Nepal","loss_GFDL_prod",0.99403578528827,"prod_loss_future"
"61",61,192,"Oceania","New Zealand","loss_GFDL_prod",8.3355863798326,"prod_loss_future"
"62",62,193,"South Asia","Pakistan","loss_GFDL_prod",1.42848251658608,"prod_loss_future"
"63",63,195,"Europe","Poland","loss_GFDL_prod",0,"prod_loss_future"
"64",64,197,"East Asia","North Korea","loss_GFDL_prod",0,"prod_loss_future"
"65",65,198,"Europe","Portugal","loss_GFDL_prod",15.2407570179434,"prod_loss_future"
"66",66,199,"South America","Paraguay","loss_GFDL_prod",70.3201703146536,"prod_loss_future"
"67",67,200,"Europe","Romania","loss_GFDL_prod",0,"prod_loss_future"
"68",68,201,"Africa","Rwanda","loss_GFDL_prod",77.6119402985075,"prod_loss_future"
"69",69,203,"Africa","Sudan","loss_GFDL_prod",0.765037756084999,"prod_loss_future"
"70",70,204,"Africa","South Sudan","loss_GFDL_prod",6.8268565957376,"prod_loss_future"
"71",71,210,"Europe","Republic of Serbia","loss_GFDL_prod",0,"prod_loss_future"
"72",72,211,"Europe","Slovakia","loss_GFDL_prod",0,"prod_loss_future"
"73",73,212,"Europe","Slovenia","loss_GFDL_prod",0,"prod_loss_future"
"74",74,213,"Europe","Sweden","loss_GFDL_prod",0,"prod_loss_future"
"75",75,214,"Africa","Swaziland","loss_GFDL_prod",0.993003768592455,"prod_loss_future"
"76",76,217,"Africa","Tunisia","loss_GFDL_prod",25.6927555743185,"prod_loss_future"
"77",77,218,"Africa","United Republic of Tanzania","loss_GFDL_prod",58.31085537825,"prod_loss_future"
"78",78,219,"Africa","Uganda","loss_GFDL_prod",79.9856527977044,"prod_loss_future"
"79",79,220,"Europe","Ukraine","loss_GFDL_prod",0,"prod_loss_future"
"80",80,221,"South America","Uruguay","loss_GFDL_prod",11.2799385126566,"prod_loss_future"
"81",81,222,"North America","United States of America","loss_GFDL_prod",0.880389023215579,"prod_loss_future"
"82",82,224,"Africa","South Africa","loss_GFDL_prod",1.49591449580453,"prod_loss_future"
"83",83,225,"Africa","Zambia","loss_GFDL_prod",3.08622820038837,"prod_loss_future"
"84",84,226,"Africa","Zimbabwe","loss_GFDL_prod",4.79919593288804,"prod_loss_future"
"85",85,227,"Africa","Angola","loss_HADGEM_prod",46.9335910413407,"prod_loss_future"
"86",86,228,"Europe","Albania","loss_HADGEM_prod",0,"prod_loss_future"
"87",87,229,"South America","Argentina","loss_HADGEM_prod",7.84939291782592,"prod_loss_future"
"88",88,230,"Oceania","Australia","loss_HADGEM_prod",5.58986829435086,"prod_loss_future"
"89",89,231,"Europe","Austria","loss_HADGEM_prod",0,"prod_loss_future"
"90",90,232,"Africa","Burundi","loss_HADGEM_prod",100,"prod_loss_future"
"91",91,233,"Europe","Belgium","loss_HADGEM_prod",0,"prod_loss_future"
"92",92,235,"Africa","Burkina Faso","loss_HADGEM_prod",0,"prod_loss_future"
"93",93,236,"South Asia","Bangladesh","loss_HADGEM_prod",36.6701324354148,"prod_loss_future"
"94",94,237,"Europe","Bulgaria","loss_HADGEM_prod",0,"prod_loss_future"
"95",95,238,"Europe","Bosnia and Herzegovina","loss_HADGEM_prod",0,"prod_loss_future"
"96",96,239,"Europe","Belarus","loss_HADGEM_prod",0,"prod_loss_future"
"97",97,240,"South America","Bolivia","loss_HADGEM_prod",31.122834330031,"prod_loss_future"
"98",98,241,"South America","Brazil","loss_HADGEM_prod",60.8241564111517,"prod_loss_future"
"99",99,242,"Africa","Botswana","loss_HADGEM_prod",0,"prod_loss_future"
"100",100,244,"North America","Canada","loss_HADGEM_prod",0,"prod_loss_future"
"101",101,245,"Europe","Switzerland","loss_HADGEM_prod",0,"prod_loss_future"
"102",102,246,"East Asia","China","loss_HADGEM_prod",1.52425039790013,"prod_loss_future"
"103",103,248,"Africa","Cameroon","loss_HADGEM_prod",50.4654517739886,"prod_loss_future"
"104",104,249,"Africa","Democratic Republic of the Congo","loss_HADGEM_prod",54.0725001083952,"prod_loss_future"
"105",105,251,"Europe","Czechia","loss_HADGEM_prod",0,"prod_loss_future"
"106",106,252,"Europe","Germany","loss_HADGEM_prod",0,"prod_loss_future"
"107",107,254,"Europe","Denmark","loss_HADGEM_prod",0,"prod_loss_future"
"108",108,255,"Africa","Algeria","loss_HADGEM_prod",7.20396683331391,"prod_loss_future"
"109",109,256,"Africa","Egypt","loss_HADGEM_prod",6.84170891440231,"prod_loss_future"
"110",110,257,"Africa","Eritrea","loss_HADGEM_prod",1.6823171681018,"prod_loss_future"
"111",111,258,"Europe","Spain","loss_HADGEM_prod",1.76057917485986,"prod_loss_future"
"112",112,259,"Europe","Estonia","loss_HADGEM_prod",0,"prod_loss_future"
"113",113,260,"Africa","Ethiopia","loss_HADGEM_prod",17.9166192507002,"prod_loss_future"
"114",114,263,"Europe","France","loss_HADGEM_prod",0.0902262363204185,"prod_loss_future"
"115",115,265,"Europe","United Kingdom","loss_HADGEM_prod",0,"prod_loss_future"
"116",116,271,"Europe","Greece","loss_HADGEM_prod",2.00657930616474,"prod_loss_future"
"117",117,272,"Europe","Croatia","loss_HADGEM_prod",0.0752925973258424,"prod_loss_future"
"118",118,273,"Europe","Hungary","loss_HADGEM_prod",0,"prod_loss_future"
"119",119,274,"South Asia","India","loss_HADGEM_prod",2.64043164039536,"prod_loss_future"
"120",120,275,"Europe","Ireland","loss_HADGEM_prod",0,"prod_loss_future"
"121",121,277,"Europe","Italy","loss_HADGEM_prod",15.6711391877986,"prod_loss_future"
"122",122,278,"East Asia","Japan","loss_HADGEM_prod",3.39523932475471,"prod_loss_future"
"123",123,279,"Africa","Kenya","loss_HADGEM_prod",50.1349396569938,"prod_loss_future"
"124",124,280,"East Asia","South Korea","loss_HADGEM_prod",0,"prod_loss_future"
"125",125,281,"Europe","Kosovo","loss_HADGEM_prod",0,"prod_loss_future"
"126",126,283,"Africa","Libya","loss_HADGEM_prod",8.36501901140684,"prod_loss_future"
"127",127,284,"Africa","Lesotho","loss_HADGEM_prod",0.622695770294956,"prod_loss_future"
"128",128,285,"Europe","Lithuania","loss_HADGEM_prod",0,"prod_loss_future"
"129",129,286,"Europe","Luxembourg","loss_HADGEM_prod",0,"prod_loss_future"
"130",130,287,"Europe","Latvia","loss_HADGEM_prod",0,"prod_loss_future"
"131",131,288,"Africa","Morocco","loss_HADGEM_prod",11.3855460793895,"prod_loss_future"
"132",132,289,"Europe","Moldova","loss_HADGEM_prod",0,"prod_loss_future"
"133",133,290,"Africa","Madagascar","loss_HADGEM_prod",17.4549364898621,"prod_loss_future"
"134",134,291,"North America","Mexico","loss_HADGEM_prod",13.4443858248645,"prod_loss_future"
"135",135,292,"Europe","Macedonia","loss_HADGEM_prod",0,"prod_loss_future"
"136",136,293,"Africa","Mali","loss_HADGEM_prod",0,"prod_loss_future"
"137",137,294,"Europe","Montenegro","loss_HADGEM_prod",0,"prod_loss_future"
"138",138,295,"Africa","Mozambique","loss_HADGEM_prod",14.9653983756846,"prod_loss_future"
"139",139,296,"Africa","Mauritania","loss_HADGEM_prod",0,"prod_loss_future"
"140",140,297,"Africa","Malawi","loss_HADGEM_prod",28.2547811053251,"prod_loss_future"
"141",141,298,"Africa","Namibia","loss_HADGEM_prod",0,"prod_loss_future"
"142",142,300,"Africa","Niger","loss_HADGEM_prod",0,"prod_loss_future"
"143",143,301,"Africa","Nigeria","loss_HADGEM_prod",0,"prod_loss_future"
"144",144,302,"Europe","Netherlands","loss_HADGEM_prod",0,"prod_loss_future"
"145",145,304,"South Asia","Nepal","loss_HADGEM_prod",0.99304865938431,"prod_loss_future"
"146",146,305,"Oceania","New Zealand","loss_HADGEM_prod",9.96437549522414,"prod_loss_future"
"147",147,306,"South Asia","Pakistan","loss_HADGEM_prod",0.817540218599349,"prod_loss_future"
"148",148,308,"Europe","Poland","loss_HADGEM_prod",0,"prod_loss_future"
"149",149,310,"East Asia","North Korea","loss_HADGEM_prod",0,"prod_loss_future"
"150",150,311,"Europe","Portugal","loss_HADGEM_prod",10.5400802270186,"prod_loss_future"
"151",151,312,"South America","Paraguay","loss_HADGEM_prod",79.9246714277273,"prod_loss_future"
"152",152,313,"Europe","Romania","loss_HADGEM_prod",0,"prod_loss_future"
"153",153,314,"Africa","Rwanda","loss_HADGEM_prod",77.6119402985075,"prod_loss_future"
"154",154,316,"Africa","Sudan","loss_HADGEM_prod",0,"prod_loss_future"
"155",155,317,"Africa","South Sudan","loss_HADGEM_prod",1.77935943060498,"prod_loss_future"
"156",156,323,"Europe","Republic of Serbia","loss_HADGEM_prod",0,"prod_loss_future"
"157",157,324,"Europe","Slovakia","loss_HADGEM_prod",0,"prod_loss_future"
"158",158,325,"Europe","Slovenia","loss_HADGEM_prod",0,"prod_loss_future"
"159",159,326,"Europe","Sweden","loss_HADGEM_prod",0,"prod_loss_future"
"160",160,327,"Africa","Swaziland","loss_HADGEM_prod",24.490991421485,"prod_loss_future"
"161",161,330,"Africa","Tunisia","loss_HADGEM_prod",33.6790471833948,"prod_loss_future"
"162",162,331,"Africa","United Republic of Tanzania","loss_HADGEM_prod",55.7128567420338,"prod_loss_future"
"163",163,332,"Africa","Uganda","loss_HADGEM_prod",80.8722408153611,"prod_loss_future"
"164",164,333,"Europe","Ukraine","loss_HADGEM_prod",0,"prod_loss_future"
"165",165,334,"South America","Uruguay","loss_HADGEM_prod",14.9954688388082,"prod_loss_future"
"166",166,335,"North America","United States of America","loss_HADGEM_prod",1.28981784200552,"prod_loss_future"
"167",167,337,"Africa","South Africa","loss_HADGEM_prod",3.66809306376723,"prod_loss_future"
"168",168,338,"Africa","Zambia","loss_HADGEM_prod",10.872295005906,"prod_loss_future"
"169",169,339,"Africa","Zimbabwe","loss_HADGEM_prod",1.49917679302487,"prod_loss_future"
"170",170,340,"Africa","Angola","loss_IPSL_prod",27.52363714014,"prod_loss_future"
"171",171,341,"Europe","Albania","loss_IPSL_prod",0.754716981132076,"prod_loss_future"
"172",172,342,"South America","Argentina","loss_IPSL_prod",2.03022312520806,"prod_loss_future"
"173",173,343,"Oceania","Australia","loss_IPSL_prod",5.60969761756544,"prod_loss_future"
"174",174,344,"Europe","Austria","loss_IPSL_prod",0,"prod_loss_future"
"175",175,345,"Africa","Burundi","loss_IPSL_prod",100,"prod_loss_future"
"176",176,346,"Europe","Belgium","loss_IPSL_prod",0,"prod_loss_future"
"177",177,348,"Africa","Burkina Faso","loss_IPSL_prod",0,"prod_loss_future"
"178",178,349,"South Asia","Bangladesh","loss_IPSL_prod",45.7535124644731,"prod_loss_future"
"179",179,350,"Europe","Bulgaria","loss_IPSL_prod",0,"prod_loss_future"
"180",180,351,"Europe","Bosnia and Herzegovina","loss_IPSL_prod",0.0499561642929218,"prod_loss_future"
"181",181,352,"Europe","Belarus","loss_IPSL_prod",0,"prod_loss_future"
"182",182,353,"South America","Bolivia","loss_IPSL_prod",23.2555005972171,"prod_loss_future"
"183",183,354,"South America","Brazil","loss_IPSL_prod",58.9682514726765,"prod_loss_future"
"184",184,355,"Africa","Botswana","loss_IPSL_prod",0,"prod_loss_future"
"185",185,357,"North America","Canada","loss_IPSL_prod",0,"prod_loss_future"
"186",186,358,"Europe","Switzerland","loss_IPSL_prod",0,"prod_loss_future"
"187",187,359,"East Asia","China","loss_IPSL_prod",1.35216012036672,"prod_loss_future"
"188",188,361,"Africa","Cameroon","loss_IPSL_prod",79.092811352754,"prod_loss_future"
"189",189,362,"Africa","Democratic Republic of the Congo","loss_IPSL_prod",72.0687384442958,"prod_loss_future"
"190",190,364,"Europe","Czechia","loss_IPSL_prod",0,"prod_loss_future"
"191",191,365,"Europe","Germany","loss_IPSL_prod",0,"prod_loss_future"
"192",192,367,"Europe","Denmark","loss_IPSL_prod",0,"prod_loss_future"
"193",193,368,"Africa","Algeria","loss_IPSL_prod",4.75297190920178,"prod_loss_future"
"194",194,369,"Africa","Egypt","loss_IPSL_prod",25.6781120383552,"prod_loss_future"
"195",195,370,"Africa","Eritrea","loss_IPSL_prod",15.7179740375423,"prod_loss_future"
"196",196,371,"Europe","Spain","loss_IPSL_prod",1.75974644332089,"prod_loss_future"
"197",197,372,"Europe","Estonia","loss_IPSL_prod",0,"prod_loss_future"
"198",198,373,"Africa","Ethiopia","loss_IPSL_prod",15.969075605392,"prod_loss_future"
"199",199,376,"Europe","France","loss_IPSL_prod",0.0883371611317081,"prod_loss_future"
"200",200,378,"Europe","United Kingdom","loss_IPSL_prod",0,"prod_loss_future"
"201",201,384,"Europe","Greece","loss_IPSL_prod",0.466213187928037,"prod_loss_future"
"202",202,385,"Europe","Croatia","loss_IPSL_prod",0.456758170730019,"prod_loss_future"
"203",203,386,"Europe","Hungary","loss_IPSL_prod",0,"prod_loss_future"
"204",204,387,"South Asia","India","loss_IPSL_prod",3.75506991909456,"prod_loss_future"
"205",205,388,"Europe","Ireland","loss_IPSL_prod",0,"prod_loss_future"
"206",206,390,"Europe","Italy","loss_IPSL_prod",20.3103262784818,"prod_loss_future"
"207",207,391,"East Asia","Japan","loss_IPSL_prod",0.534980106547686,"prod_loss_future"
"208",208,392,"Africa","Kenya","loss_IPSL_prod",34.3036684250311,"prod_loss_future"
"209",209,393,"East Asia","South Korea","loss_IPSL_prod",0,"prod_loss_future"
"210",210,394,"Europe","Kosovo","loss_IPSL_prod",0,"prod_loss_future"
"211",211,396,"Africa","Libya","loss_IPSL_prod",0.656807637430775,"prod_loss_future"
"212",212,397,"Africa","Lesotho","loss_IPSL_prod",0,"prod_loss_future"
"213",213,398,"Europe","Lithuania","loss_IPSL_prod",0,"prod_loss_future"
"214",214,399,"Europe","Luxembourg","loss_IPSL_prod",0,"prod_loss_future"
"215",215,400,"Europe","Latvia","loss_IPSL_prod",0,"prod_loss_future"
"216",216,401,"Africa","Morocco","loss_IPSL_prod",2.58545260607931,"prod_loss_future"
"217",217,402,"Europe","Moldova","loss_IPSL_prod",0,"prod_loss_future"
"218",218,403,"Africa","Madagascar","loss_IPSL_prod",33.3057140098752,"prod_loss_future"
"219",219,404,"North America","Mexico","loss_IPSL_prod",2.22867127979448,"prod_loss_future"
"220",220,405,"Europe","Macedonia","loss_IPSL_prod",0,"prod_loss_future"
"221",221,406,"Africa","Mali","loss_IPSL_prod",0,"prod_loss_future"
"222",222,407,"Europe","Montenegro","loss_IPSL_prod",0,"prod_loss_future"
"223",223,408,"Africa","Mozambique","loss_IPSL_prod",9.26416054533902,"prod_loss_future"
"224",224,409,"Africa","Mauritania","loss_IPSL_prod",0,"prod_loss_future"
"225",225,410,"Africa","Malawi","loss_IPSL_prod",13.9675996968343,"prod_loss_future"
"226",226,411,"Africa","Namibia","loss_IPSL_prod",0,"prod_loss_future"
"227",227,413,"Africa","Niger","loss_IPSL_prod",0,"prod_loss_future"
"228",228,414,"Africa","Nigeria","loss_IPSL_prod",0.30167076016301,"prod_loss_future"
"229",229,415,"Europe","Netherlands","loss_IPSL_prod",0.00435480694951451,"prod_loss_future"
"230",230,417,"South Asia","Nepal","loss_IPSL_prod",3.70920430317483,"prod_loss_future"
"231",231,418,"Oceania","New Zealand","loss_IPSL_prod",10.3067396468575,"prod_loss_future"
"232",232,419,"South Asia","Pakistan","loss_IPSL_prod",1.2251172301261,"prod_loss_future"
"233",233,421,"Europe","Poland","loss_IPSL_prod",0,"prod_loss_future"
"234",234,423,"East Asia","North Korea","loss_IPSL_prod",0,"prod_loss_future"
"235",235,424,"Europe","Portugal","loss_IPSL_prod",19.6015795405856,"prod_loss_future"
"236",236,425,"South America","Paraguay","loss_IPSL_prod",54.5933299586433,"prod_loss_future"
"237",237,426,"Europe","Romania","loss_IPSL_prod",0,"prod_loss_future"
"238",238,427,"Africa","Rwanda","loss_IPSL_prod",77.6119402985075,"prod_loss_future"
"239",239,429,"Africa","Sudan","loss_IPSL_prod",0.153630436553512,"prod_loss_future"
"240",240,430,"Africa","South Sudan","loss_IPSL_prod",7.74027151317142,"prod_loss_future"
"241",241,434,"Africa","Somaliland","loss_IPSL_prod",0,"prod_loss_future"
"242",242,436,"Europe","Republic of Serbia","loss_IPSL_prod",0,"prod_loss_future"
"243",243,437,"Europe","Slovakia","loss_IPSL_prod",0,"prod_loss_future"
"244",244,438,"Europe","Slovenia","loss_IPSL_prod",0,"prod_loss_future"
"245",245,439,"Europe","Sweden","loss_IPSL_prod",0,"prod_loss_future"
"246",246,440,"Africa","Swaziland","loss_IPSL_prod",0,"prod_loss_future"
"247",247,443,"Africa","Tunisia","loss_IPSL_prod",16.7491721895256,"prod_loss_future"
"248",248,444,"Africa","United Republic of Tanzania","loss_IPSL_prod",20.7206993348182,"prod_loss_future"
"249",249,445,"Africa","Uganda","loss_IPSL_prod",82.0574349539167,"prod_loss_future"
"250",250,446,"Europe","Ukraine","loss_IPSL_prod",0,"prod_loss_future"
"251",251,447,"South America","Uruguay","loss_IPSL_prod",11.3579719644201,"prod_loss_future"
"252",252,448,"North America","United States of America","loss_IPSL_prod",1.2122544006126,"prod_loss_future"
"253",253,450,"Africa","South Africa","loss_IPSL_prod",4.66731258560653,"prod_loss_future"
"254",254,451,"Africa","Zambia","loss_IPSL_prod",1.0934512545201,"prod_loss_future"
"255",255,452,"Africa","Zimbabwe","loss_IPSL_prod",2.19967640568179,"prod_loss_future"
"256",256,453,"Africa","Angola","loss_MIROC_prod",32.1647434810239,"prod_loss_future"
"257",257,454,"Europe","Albania","loss_MIROC_prod",0,"prod_loss_future"
"258",258,455,"South America","Argentina","loss_MIROC_prod",2.77696672702497,"prod_loss_future"
"259",259,456,"Oceania","Australia","loss_MIROC_prod",4.99531302590253,"prod_loss_future"
"260",260,457,"Europe","Austria","loss_MIROC_prod",0,"prod_loss_future"
"261",261,458,"Africa","Burundi","loss_MIROC_prod",16.202014232511,"prod_loss_future"
"262",262,459,"Europe","Belgium","loss_MIROC_prod",0,"prod_loss_future"
"263",263,461,"Africa","Burkina Faso","loss_MIROC_prod",0,"prod_loss_future"
"264",264,462,"South Asia","Bangladesh","loss_MIROC_prod",13.2170797960949,"prod_loss_future"
"265",265,463,"Europe","Bulgaria","loss_MIROC_prod",0,"prod_loss_future"
"266",266,464,"Europe","Bosnia and Herzegovina","loss_MIROC_prod",0,"prod_loss_future"
"267",267,465,"Europe","Belarus","loss_MIROC_prod",0,"prod_loss_future"
"268",268,466,"South America","Bolivia","loss_MIROC_prod",14.3349039309877,"prod_loss_future"
"269",269,467,"South America","Brazil","loss_MIROC_prod",46.4832395312986,"prod_loss_future"
"270",270,468,"Africa","Botswana","loss_MIROC_prod",0,"prod_loss_future"
"271",271,470,"North America","Canada","loss_MIROC_prod",0,"prod_loss_future"
"272",272,471,"Europe","Switzerland","loss_MIROC_prod",0,"prod_loss_future"
"273",273,472,"East Asia","China","loss_MIROC_prod",1.35815232069863,"prod_loss_future"
"274",274,474,"Africa","Cameroon","loss_MIROC_prod",77.4023612754625,"prod_loss_future"
"275",275,475,"Africa","Democratic Republic of the Congo","loss_MIROC_prod",46.8011126379774,"prod_loss_future"
"276",276,477,"Europe","Czechia","loss_MIROC_prod",0,"prod_loss_future"
"277",277,478,"Europe","Germany","loss_MIROC_prod",0,"prod_loss_future"
"278",278,480,"Europe","Denmark","loss_MIROC_prod",0,"prod_loss_future"
"279",279,481,"Africa","Algeria","loss_MIROC_prod",5.7455901257836,"prod_loss_future"
"280",280,482,"Africa","Egypt","loss_MIROC_prod",9.79633239260783,"prod_loss_future"
"281",281,483,"Africa","Eritrea","loss_MIROC_prod",9.81471268277097,"prod_loss_future"
"282",282,484,"Europe","Spain","loss_MIROC_prod",5.59748779114997,"prod_loss_future"
"283",283,485,"Europe","Estonia","loss_MIROC_prod",0,"prod_loss_future"
"284",284,486,"Africa","Ethiopia","loss_MIROC_prod",9.3713098824853,"prod_loss_future"
"285",285,489,"Europe","France","loss_MIROC_prod",0.0874216793671869,"prod_loss_future"
"286",286,491,"Europe","United Kingdom","loss_MIROC_prod",0,"prod_loss_future"
"287",287,497,"Europe","Greece","loss_MIROC_prod",0.25249928068023,"prod_loss_future"
"288",288,498,"Europe","Croatia","loss_MIROC_prod",0,"prod_loss_future"
"289",289,499,"Europe","Hungary","loss_MIROC_prod",0,"prod_loss_future"
"290",290,500,"South Asia","India","loss_MIROC_prod",1.91115486300966,"prod_loss_future"
"291",291,501,"Europe","Ireland","loss_MIROC_prod",0,"prod_loss_future"
"292",292,503,"Europe","Italy","loss_MIROC_prod",12.0129953093207,"prod_loss_future"
"293",293,504,"East Asia","Japan","loss_MIROC_prod",5.58812459548466,"prod_loss_future"
"294",294,505,"Africa","Kenya","loss_MIROC_prod",39.6328318602489,"prod_loss_future"
"295",295,506,"East Asia","South Korea","loss_MIROC_prod",0,"prod_loss_future"
"296",296,507,"Europe","Kosovo","loss_MIROC_prod",0,"prod_loss_future"
"297",297,509,"Africa","Libya","loss_MIROC_prod",8.22949419665386,"prod_loss_future"
"298",298,510,"Africa","Lesotho","loss_MIROC_prod",0.0612183551203877,"prod_loss_future"
"299",299,511,"Europe","Lithuania","loss_MIROC_prod",0,"prod_loss_future"
"300",300,512,"Europe","Luxembourg","loss_MIROC_prod",0,"prod_loss_future"
"301",301,513,"Europe","Latvia","loss_MIROC_prod",0,"prod_loss_future"
"302",302,514,"Africa","Morocco","loss_MIROC_prod",6.46736861208149,"prod_loss_future"
"303",303,515,"Europe","Moldova","loss_MIROC_prod",0,"prod_loss_future"
"304",304,516,"Africa","Madagascar","loss_MIROC_prod",39.2301124486923,"prod_loss_future"
"305",305,517,"North America","Mexico","loss_MIROC_prod",1.14574874838315,"prod_loss_future"
"306",306,518,"Europe","Macedonia","loss_MIROC_prod",0,"prod_loss_future"
"307",307,519,"Africa","Mali","loss_MIROC_prod",0,"prod_loss_future"
"308",308,520,"Europe","Montenegro","loss_MIROC_prod",0,"prod_loss_future"
"309",309,521,"Africa","Mozambique","loss_MIROC_prod",9.49954374956572,"prod_loss_future"
"310",310,522,"Africa","Mauritania","loss_MIROC_prod",0,"prod_loss_future"
"311",311,523,"Africa","Malawi","loss_MIROC_prod",14.0843857727842,"prod_loss_future"
"312",312,524,"Africa","Namibia","loss_MIROC_prod",0,"prod_loss_future"
"313",313,526,"Africa","Niger","loss_MIROC_prod",0,"prod_loss_future"
"314",314,527,"Africa","Nigeria","loss_MIROC_prod",0,"prod_loss_future"
"315",315,528,"Europe","Netherlands","loss_MIROC_prod",0.00226400057958415,"prod_loss_future"
"316",316,530,"South Asia","Nepal","loss_MIROC_prod",2.90432286484683,"prod_loss_future"
"317",317,531,"Oceania","New Zealand","loss_MIROC_prod",9.82024305119704,"prod_loss_future"
"318",318,532,"South Asia","Pakistan","loss_MIROC_prod",0.04175020347446,"prod_loss_future"
"319",319,534,"Europe","Poland","loss_MIROC_prod",0,"prod_loss_future"
"320",320,536,"East Asia","North Korea","loss_MIROC_prod",0,"prod_loss_future"
"321",321,537,"Europe","Portugal","loss_MIROC_prod",13.3584618817537,"prod_loss_future"
"322",322,538,"South America","Paraguay","loss_MIROC_prod",39.9660329901687,"prod_loss_future"
"323",323,539,"Europe","Romania","loss_MIROC_prod",0,"prod_loss_future"
"324",324,540,"Africa","Rwanda","loss_MIROC_prod",52.5325450053222,"prod_loss_future"
"325",325,542,"Africa","Sudan","loss_MIROC_prod",0.118508415503291,"prod_loss_future"
"326",326,543,"Africa","South Sudan","loss_MIROC_prod",9.17418916010754,"prod_loss_future"
"327",327,547,"Africa","Somaliland","loss_MIROC_prod",0,"prod_loss_future"
"328",328,549,"Europe","Republic of Serbia","loss_MIROC_prod",0,"prod_loss_future"
"329",329,550,"Europe","Slovakia","loss_MIROC_prod",0,"prod_loss_future"
"330",330,551,"Europe","Slovenia","loss_MIROC_prod",0,"prod_loss_future"
"331",331,552,"Europe","Sweden","loss_MIROC_prod",0,"prod_loss_future"
"332",332,553,"Africa","Swaziland","loss_MIROC_prod",0.190403655750189,"prod_loss_future"
"333",333,556,"Africa","Tunisia","loss_MIROC_prod",21.802911873228,"prod_loss_future"
"334",334,557,"Africa","United Republic of Tanzania","loss_MIROC_prod",19.1290288534957,"prod_loss_future"
"335",335,558,"Africa","Uganda","loss_MIROC_prod",82.4953733557285,"prod_loss_future"
"336",336,559,"Europe","Ukraine","loss_MIROC_prod",0,"prod_loss_future"
"337",337,560,"South America","Uruguay","loss_MIROC_prod",17.2304108200766,"prod_loss_future"
"338",338,561,"North America","United States of America","loss_MIROC_prod",1.53921480802922,"prod_loss_future"
"339",339,563,"Africa","South Africa","loss_MIROC_prod",2.57153136871445,"prod_loss_future"
"340",340,564,"Africa","Zambia","loss_MIROC_prod",2.21248678864629,"prod_loss_future"
"341",341,565,"Africa","Zimbabwe","loss_MIROC_prod",1.45782430403781,"prod_loss_future"
"342",342,566,"Africa","Angola","loss_NORESM_prod",24.2062807033243,"prod_loss_future"
"343",343,567,"Europe","Albania","loss_NORESM_prod",0,"prod_loss_future"
"344",344,568,"South America","Argentina","loss_NORESM_prod",2.52616416842172,"prod_loss_future"
"345",345,569,"Oceania","Australia","loss_NORESM_prod",4.77666334758641,"prod_loss_future"
"346",346,570,"Europe","Austria","loss_NORESM_prod",0,"prod_loss_future"
"347",347,571,"Africa","Burundi","loss_NORESM_prod",87.719298245614,"prod_loss_future"
"348",348,572,"Europe","Belgium","loss_NORESM_prod",0,"prod_loss_future"
"349",349,574,"Africa","Burkina Faso","loss_NORESM_prod",0,"prod_loss_future"
"350",350,575,"South Asia","Bangladesh","loss_NORESM_prod",42.4849867867583,"prod_loss_future"
"351",351,576,"Europe","Bulgaria","loss_NORESM_prod",0,"prod_loss_future"
"352",352,577,"Europe","Bosnia and Herzegovina","loss_NORESM_prod",0,"prod_loss_future"
"353",353,578,"Europe","Belarus","loss_NORESM_prod",0,"prod_loss_future"
"354",354,579,"South America","Bolivia","loss_NORESM_prod",23.1385001745221,"prod_loss_future"
"355",355,580,"South America","Brazil","loss_NORESM_prod",63.316566348385,"prod_loss_future"
"356",356,581,"Africa","Botswana","loss_NORESM_prod",0,"prod_loss_future"
"357",357,583,"North America","Canada","loss_NORESM_prod",0,"prod_loss_future"
"358",358,584,"Europe","Switzerland","loss_NORESM_prod",0,"prod_loss_future"
"359",359,585,"East Asia","China","loss_NORESM_prod",1.46104812769973,"prod_loss_future"
"360",360,587,"Africa","Cameroon","loss_NORESM_prod",67.141652599513,"prod_loss_future"
"361",361,588,"Africa","Democratic Republic of the Congo","loss_NORESM_prod",54.4369610710392,"prod_loss_future"
"362",362,590,"Europe","Czechia","loss_NORESM_prod",0,"prod_loss_future"
"363",363,591,"Europe","Germany","loss_NORESM_prod",0,"prod_loss_future"
"364",364,593,"Europe","Denmark","loss_NORESM_prod",0,"prod_loss_future"
"365",365,594,"Africa","Algeria","loss_NORESM_prod",4.0136771967867,"prod_loss_future"
"366",366,595,"Africa","Egypt","loss_NORESM_prod",28.2498481933283,"prod_loss_future"
"367",367,596,"Africa","Eritrea","loss_NORESM_prod",38.1240931135415,"prod_loss_future"
"368",368,597,"Europe","Spain","loss_NORESM_prod",1.81487921896206,"prod_loss_future"
"369",369,598,"Europe","Estonia","loss_NORESM_prod",0,"prod_loss_future"
"370",370,599,"Africa","Ethiopia","loss_NORESM_prod",7.16617719813605,"prod_loss_future"
"371",371,602,"Europe","France","loss_NORESM_prod",0.00822295413058121,"prod_loss_future"
"372",372,604,"Europe","United Kingdom","loss_NORESM_prod",0,"prod_loss_future"
"373",373,610,"Europe","Greece","loss_NORESM_prod",0.329825424074238,"prod_loss_future"
"374",374,611,"Europe","Croatia","loss_NORESM_prod",0,"prod_loss_future"
"375",375,612,"Europe","Hungary","loss_NORESM_prod",0,"prod_loss_future"
"376",376,613,"South Asia","India","loss_NORESM_prod",3.7522635110889,"prod_loss_future"
"377",377,614,"Europe","Ireland","loss_NORESM_prod",0,"prod_loss_future"
"378",378,616,"Europe","Italy","loss_NORESM_prod",23.0009111820544,"prod_loss_future"
"379",379,617,"East Asia","Japan","loss_NORESM_prod",0.204106578646795,"prod_loss_future"
"380",380,618,"Africa","Kenya","loss_NORESM_prod",29.2488222306042,"prod_loss_future"
"381",381,619,"East Asia","South Korea","loss_NORESM_prod",0,"prod_loss_future"
"382",382,620,"Europe","Kosovo","loss_NORESM_prod",0,"prod_loss_future"
"383",383,622,"Africa","Libya","loss_NORESM_prod",5.77025582107773,"prod_loss_future"
"384",384,623,"Africa","Lesotho","loss_NORESM_prod",0,"prod_loss_future"
"385",385,624,"Europe","Lithuania","loss_NORESM_prod",0,"prod_loss_future"
"386",386,625,"Europe","Luxembourg","loss_NORESM_prod",0,"prod_loss_future"
"387",387,626,"Europe","Latvia","loss_NORESM_prod",0,"prod_loss_future"
"388",388,627,"Africa","Morocco","loss_NORESM_prod",3.03564889863492,"prod_loss_future"
"389",389,628,"Europe","Moldova","loss_NORESM_prod",0,"prod_loss_future"
"390",390,629,"Africa","Madagascar","loss_NORESM_prod",35.5987093946391,"prod_loss_future"
"391",391,630,"North America","Mexico","loss_NORESM_prod",1.44124494498047,"prod_loss_future"
"392",392,631,"Europe","Macedonia","loss_NORESM_prod",0,"prod_loss_future"
"393",393,632,"Africa","Mali","loss_NORESM_prod",0,"prod_loss_future"
"394",394,633,"Europe","Montenegro","loss_NORESM_prod",0,"prod_loss_future"
"395",395,634,"Africa","Mozambique","loss_NORESM_prod",4.8758291228109,"prod_loss_future"
"396",396,635,"Africa","Mauritania","loss_NORESM_prod",0,"prod_loss_future"
"397",397,636,"Africa","Malawi","loss_NORESM_prod",14.5902052090338,"prod_loss_future"
"398",398,637,"Africa","Namibia","loss_NORESM_prod",0,"prod_loss_future"
"399",399,639,"Africa","Niger","loss_NORESM_prod",0,"prod_loss_future"
"400",400,640,"Africa","Nigeria","loss_NORESM_prod",0.190496241010004,"prod_loss_future"
"401",401,641,"Europe","Netherlands","loss_NORESM_prod",0,"prod_loss_future"
"402",402,643,"South Asia","Nepal","loss_NORESM_prod",0.996472564961605,"prod_loss_future"
"403",403,644,"Oceania","New Zealand","loss_NORESM_prod",8.50061689469934,"prod_loss_future"
"404",404,645,"South Asia","Pakistan","loss_NORESM_prod",0.705646917313326,"prod_loss_future"
"405",405,647,"Europe","Poland","loss_NORESM_prod",0,"prod_loss_future"
"406",406,649,"East Asia","North Korea","loss_NORESM_prod",0,"prod_loss_future"
"407",407,650,"Europe","Portugal","loss_NORESM_prod",18.5194935111733,"prod_loss_future"
"408",408,651,"South America","Paraguay","loss_NORESM_prod",89.1614576485441,"prod_loss_future"
"409",409,652,"Europe","Romania","loss_NORESM_prod",0,"prod_loss_future"
"410",410,653,"Africa","Rwanda","loss_NORESM_prod",77.6119402985075,"prod_loss_future"
"411",411,655,"Africa","Sudan","loss_NORESM_prod",0.123985837786268,"prod_loss_future"
"412",412,656,"Africa","South Sudan","loss_NORESM_prod",2.02799340782216,"prod_loss_future"
"413",413,660,"Africa","Somaliland","loss_NORESM_prod",0,"prod_loss_future"
"414",414,662,"Europe","Republic of Serbia","loss_NORESM_prod",0,"prod_loss_future"
"415",415,663,"Europe","Slovakia","loss_NORESM_prod",0,"prod_loss_future"
"416",416,664,"Europe","Slovenia","loss_NORESM_prod",0,"prod_loss_future"
"417",417,665,"Europe","Sweden","loss_NORESM_prod",0,"prod_loss_future"
"418",418,666,"Africa","Swaziland","loss_NORESM_prod",5.46577370119628,"prod_loss_future"
"419",419,669,"Africa","Tunisia","loss_NORESM_prod",27.784920971255,"prod_loss_future"
"420",420,670,"Africa","United Republic of Tanzania","loss_NORESM_prod",11.0187530543306,"prod_loss_future"
"421",421,671,"Africa","Uganda","loss_NORESM_prod",79.4117647058823,"prod_loss_future"
"422",422,672,"Europe","Ukraine","loss_NORESM_prod",0,"prod_loss_future"
"423",423,673,"South America","Uruguay","loss_NORESM_prod",7.92484171243847,"prod_loss_future"
"424",424,674,"North America","United States of America","loss_NORESM_prod",1.12159915357422,"prod_loss_future"
"425",425,676,"Africa","South Africa","loss_NORESM_prod",2.26808711906567,"prod_loss_future"
"426",426,677,"Africa","Zambia","loss_NORESM_prod",2.73914236701459,"prod_loss_future"
"427",427,678,"Africa","Zimbabwe","loss_NORESM_prod",2.08043581053669,"prod_loss_future"
